,cname,ffp_hr,ffp_sl,fh_fog,fhp_score5,bti_cr,iiag_phr,fh_pr,bti_ds,bti_rol,iiag_srol,fhn_fotnsc,bti_pdi,bti_ij,sgi_so,bti_pp,vdem_gender,bti_cdi,rsf_pfi,ht_regtype,bti_mes,cspf_sfi,vdem_corr,wbgi_gee,gd_ptsa,bti_aar,hf_prights,bti_ffe,bti_sop,sgi_qdep,bti_wr,bti_eo,gpi_gpi,ess_happy,wvs_imprel,van_index,wbgi_pve,bti_su,bti_ps,bti_foe,ciri_polpris,bti_foe,vdem_mecorrpt,ess_trpolice,bti_ssn,iiag_ns
0,Afghanistan,8.5,9.100000381469727,2,60,2.0,,6,3.016666650772095,2.5,,,3.0,3.0,,3.5,0.4709999859333038,3.0,39.459999084472656,1.0,2.892857074737549,21.0,0.912999987602234,-1.2263633,5.0,4.0,12.600000381469732,3.0,3.0,,2.5,3.0,3.5190000534057617,,,11.29300022125244,-2.6710539,2.5,2.0,4.0,1,4.0,2.29200005531311,,2.0,
1,Albania,4.800000190734863,5.699999809265138,7,51,8.0,,3,7.050000190734862,5.25,,,6.0,5.0,,7.5,0.8149999976158142,8.0,29.92000007629395,100.0,6.607142925262451,2.0,0.7620000243186951,0.013270381999999999,2.0,9.0,35.0,7.0,4.0,,6.5,6.0,1.919999957084656,,,33.96428680419922,0.34464467,5.0,6.0,7.0,2,7.0,2.167999982833862,,7.0,
2,Algeria,6.5999999046325675,6.9000000953674325,3,65,5.0,41.599998,6,4.75,4.25,50.700001,,3.0,4.0,,4.5,0.7910000085830688,2.0,42.83000183105469,1.0,5.214285850524902,11.0,0.6899999976158142,-0.5311597,3.0,5.0,25.0,5.0,4.0,,5.5,5.0,2.187999963760376,,3.8818107000000004,12.31540012359619,-1.0975257,4.5,4.0,6.0,0,6.0,2.595000028610229,,6.0,78.400002
3,Andorra,,,12,15,,,1,,,,,,,,,,,21.03000068664551,,,,,1.8605870999999998,,,,,,,,,,,,12.977999687194819,1.4134194,,,,2,,,,,
4,Angola,7.300000190734862,8.600000381469728,1,73,4.0,37.700001,6,4.199999809265137,3.0,45.0,40.0,3.0,3.0,,3.0,0.746999979019165,2.0,40.41999816894531,1.0,3.678571462631226,17.0,0.8759999871253967,-1.035903,2.0,3.0,15.0,3.0,3.0,,3.0,4.0,2.006999969482422,,,6.227712154388428,-0.31589884,3.0,5.0,4.0,1,4.0,1.294000029563904,,2.0,87.0
5,Antigua and Barbuda,4.400000095367432,5.400000095367432,8,34,,,2,,,,,,,,,,,20.80999946594238,100.0,,,,0.26549062,,,,,,,,,,,,20.57920074462891,0.87860721,,,,2,,,,,
6,Azerbaijan,8.5,8.800000190734863,1,90,3.0,,7,3.433333396911621,3.0,,58.0,2.0,3.0,,2.25,0.5770000219345093,2.0,56.400001525878906,1.0,4.8214287757873535,10.0,0.959999978542328,-0.16561323,3.0,3.0,20.0,2.0,2.0,,5.5,6.0,2.457000017166138,,,9.979000091552734,-0.80387908,4.5,2.0,2.0,0,2.0,0.6940000057220459,,5.0,
7,Argentina,4.099999904632568,4.800000190734863,8,46,7.0,,2,8.0,7.0,,27.0,7.0,7.0,,9.0,0.878000020980835,8.0,25.06999969482422,100.0,6.535714149475098,2.0,0.46099999547004705,0.16212919,2.0,10.0,15.0,9.0,7.0,,6.5,7.0,2.0120000839233403,,2.6334383,38.51333999633789,0.20462550000000002,6.0,7.0,9.0,2,9.0,2.954999923706055,,6.0,
8,Australia,2.299999952316284,1.0,12,22,,,1,,,,21.0,,,6.511996746063232,,0.9629999995231628,,16.02000045776367,100.0,,2.0,0.0370000004768372,1.5685095,2.0,,90.0,,,8.399999618530272,,,1.38699996471405,,,39.68933868408203,1.047958,,,,2,,3.813999891281128,,,
9,Austria,1.2000000476837158,1.399999976158142,10,22,,,1,,,,,,,6.356985092163086,,0.9549999833106996,,13.47000026702881,100.0,,0.0,0.046000000089407,1.5119049999999998,1.0,,90.0,,,7.199999809265138,,,1.2920000553131101,7.615780830383301,,44.21900177001953,0.90963876,,,,2,,3.721999883651733,7.074533462524414,,
10,Bahamas,3.5999999046325684,3.7999999523162837,10,23,,,1,,,,,,,,,,,,100.0,,,,0.71953326,2.0,,70.0,,,,,,,,,27.94618034362793,0.97541875,,,,2,,,,,
11,Bahrain,8.800000190734863,8.199999809265138,3,87,3.0,,7,3.233333349227905,2.75,,71.0,2.0,2.0,,1.5,0.4120000004768372,2.0,58.88000106811523,23.0,6.0,9.0,0.718999981880188,0.32784277,3.0,1.0,60.0,2.0,2.0,,4.5,2.0,2.410000085830688,,3.2462437,1.049999952316284,-0.79342568,5.5,2.0,2.0,1,2.0,0.4939999878406525,,7.0,
12,Bangladesh,7.4000000953674325,7.800000190734862,5,62,4.0,,4,4.616666793823242,3.75,,54.0,3.0,4.0,,4.25,0.7210000157356262,3.0,48.36000061035156,1.0,5.607142925262451,12.0,0.843999981880188,-0.67865896,4.0,5.0,20.0,5.0,4.0,,4.0,4.0,2.03600001335144,,,6.064799785614014,-1.2619368,4.5,6.0,4.0,0,4.0,2.838000059127808,,4.0,
13,Armenia,7.0,7.5999999046325675,4,63,5.0,,5,5.116666793823242,4.5,,32.0,3.0,4.0,,4.25,0.8169999718666077,3.0,30.3799991607666,1.0,6.035714149475098,6.0,0.8550000190734863,-0.1581753,3.0,5.0,20.0,4.0,4.0,,6.0,6.0,2.257999897003174,,,20.55924034118652,-0.66226381,5.0,5.0,5.0,1,5.0,1.77400004863739,,6.0,
14,Barbados,2.9000000953674316,2.5,12,19,,,1,,,,,,,,,0.9049999713897704,,,100.0,,,0.1070000007748604,1.0821716000000001,,,80.0,,,,,,,,,25.84021949768066,0.97660989,,,,2,,3.6749999523162837,,,
15,Belgium,1.5,1.399999976158142,12,12,,,1,,,,,,,6.250112056732178,,0.9419999718666076,,12.75,100.0,,2.0,0.0230000000447035,1.3262135,1.0,,80.0,,,7.4000000953674325,,,1.5360000133514398,7.7274980545043945,,47.71900177001953,0.44136729999999996,,,,2,,3.880000114440918,6.361654281616211,,
16,Bhutan,6.5999999046325675,4.300000190734863,9,58,7.0,,3,6.566666603088379,7.25,,,7.0,7.0,,7.0,0.8399999737739563,7.0,30.729999542236328,1.0,5.9285712242126465,7.0,0.0930000022053719,0.5005098,,6.0,60.0,8.0,7.0,,4.5,5.0,1.603999972343445,,,2.631750106811523,1.1232966999999998,7.0,5.0,7.0,0,7.0,3.566999912261963,,4.0,
17,Bolivia,6.0,6.5,7,53,6.0,,3,7.199999809265138,5.75,,,7.0,5.0,,8.25,0.8259999752044678,7.0,33.88000106811523,100.0,5.714285850524902,10.0,0.621999979019165,-0.56706274,1.0,7.0,10.0,9.0,7.0,,5.0,5.0,2.0120000839233403,,,21.84760093688965,-0.24886636,5.0,6.0,8.0,1,8.0,3.1800000667572017,,5.0,
18,Bosnia and Herzegovina,5.599999904632568,6.5,4,51,7.0,,4,6.0999999046325675,6.5,,,4.0,5.0,,7.0,0.9100000262260436,4.0,27.82999992370605,1.0,6.464285850524902,4.0,0.6620000004768372,-0.39343736,2.0,8.0,20.0,7.0,8.0,,6.0,5.0,2.04200005531311,,,32.34000015258789,-0.39783883,5.0,6.0,6.0,2,6.0,2.9219999313354488,,7.0,
19,Botswana,5.0,3.2999999523162837,8,45,8.0,64.800003,3,8.199999809265138,7.75,80.5,,9.0,9.0,,8.25,0.8069999814033508,9.0,24.93000030517578,100.0,7.5714287757873535,3.0,0.1659999936819077,0.52983224,2.0,8.0,70.0,8.0,7.0,,7.0,7.0,1.6410000324249268,,,17.34696006774902,0.99456,6.5,7.0,7.0,1,7.0,3.17300009727478,,7.0,99.900002
20,Brazil,6.4000000953674325,6.199999809265138,6,47,7.0,,2,7.6500000953674325,7.75,,33.0,7.0,7.0,,8.75,0.7879999876022339,8.0,33.580001831054695,100.0,6.9285712242126465,6.0,0.6769999861717224,-0.17377827,4.0,9.0,45.0,9.0,9.0,,7.0,7.0,2.1949999332427983,,3.3771595999999997,37.7496452331543,-0.3772054,6.5,5.0,8.0,2,8.0,2.611000061035156,,7.0,
21,Belize,4.699999809265137,5.199999809265137,10,27,,,1,,,,,,,,,,,23.43000030517578,100.0,,,,-0.67591786,,,35.0,,,,,,,,,20.28202056884766,0.060622137,,,,2,,,,,
22,Solomon Islands,5.199999809265137,6.800000190734862,5,27,,,3,,,,,,,,,0.4959999918937683,,,100.0,,9.0,0.6159999966621399,-0.98465121,,,30.0,,,,,,,,,28.01207542419434,0.50602841,,,,2,,3.170000076293945,,,
23,Brunei,7.699999809265138,8.300000190734862,3,76,,,6,,,,,,,,,,,53.72000122070313,17.0,,,,1.0841768999999999,2.0,,,,,,,,,,,0.0,1.1541721,,,,2,,,,,
24,Bulgaria,3.2999999523162837,4.5,8,42,8.0,,2,8.100000381469728,7.75,,,7.0,8.0,4.316291332244873,8.25,0.9369999766349792,9.0,35.009998321533196,100.0,7.5,2.0,0.5960000157356262,0.29589707,2.0,10.0,30.0,8.0,8.0,6.800000190734862,7.0,7.0,1.63100004196167,,,37.408546447753906,0.077333264,6.5,6.0,7.0,1,7.0,2.4159998893737793,,7.0,
25,Myanmar,8.899999618530273,8.600000381469728,4,73,3.0,,5,3.5,3.0,,63.0,2.0,3.0,,5.0,0.6690000295639038,3.0,41.81999969482422,6.0,3.25,19.0,0.4359999895095825,-0.97628033,5.0,5.0,10.0,7.0,4.0,,2.5,2.0,2.187000036239624,,,2.599200010299683,-0.80461991,3.0,3.0,5.0,0,5.0,3.403000116348267,,3.0,
26,Burundi,8.800000190734863,8.800000190734863,0,85,3.0,38.200001,7,3.7999999523162837,3.0,25.5,,2.0,3.0,,3.0,0.6110000014305115,2.0,55.77999877929688,1.0,4.142857074737549,21.0,0.9520000219345092,-1.4416863000000002,4.0,3.0,20.0,3.0,3.0,,4.0,5.0,2.605000019073486,,,10.91932487487793,-1.9707207999999998,3.5,4.0,3.0,0,3.0,1.6640000343322747,,3.0,32.099998
27,Belarus,7.9000000953674325,8.699999809265138,1,83,4.0,,7,4.333333492279054,4.0,,64.0,3.0,4.0,,3.0,0.9070000052452089,2.0,52.43000030517578,1.0,5.107142925262451,3.0,0.4070000052452087,-0.47792011,2.0,3.0,20.0,3.0,3.0,,6.0,6.0,2.105999946594238,,,10.56165027618408,0.14228147,5.5,3.0,3.0,1,3.0,0.3580000102519989,,6.0,
28,Cambodia,7.699999809265138,8.300000190734862,3,70,2.0,,6,3.566666603088379,2.0,,52.0,2.0,2.0,,2.75,0.6399999856948853,2.0,42.06999969482422,1.0,4.4285712242126465,11.0,0.878000020980835,-0.69411397,3.0,3.0,25.0,3.0,2.0,,3.0,3.0,2.009999990463257,,,22.31295967102051,0.21103786,2.5,3.0,3.0,0,3.0,2.180999994277954,,3.0,
29,Cameroon,7.5,8.399999618530272,3,66,4.0,39.5,6,3.9166667461395264,3.75,42.700001,,2.0,4.0,,3.25,0.7509999871253967,2.0,41.59000015258789,1.0,4.535714149475098,16.0,0.9530000090599059,-0.7638640999999999,4.0,5.0,25.0,3.0,3.0,,4.5,5.0,2.372999906539917,,,5.4120001792907715,-1.062137,4.0,4.0,3.0,0,3.0,1.7569999694824219,,4.0,58.200001
30,Canada,1.2999999523162842,1.0,12,18,,,1,,,,15.0,,,7.17480993270874,,0.9470000267028807,,16.53000068664551,100.0,,0.0,0.0219999998807907,1.7814615000000003,1.0,,90.0,,,8.199999809265138,,,1.332000017166138,,,30.49805068969727,1.2560586,,,,2,,3.821000099182129,,,
31,Cape Verde,4.0,5.300000190734863,10,27,,77.5,1,,,75.300003,,,,,,0.8870000243186951,,18.020000457763672,100.0,,5.0,0.1529999971389771,0.12505002,,,75.0,,,,,,,,,19.4463005065918,0.88621563,,,,2,,3.561000108718872,,,100.0
32,Central African Republic,9.699999809265137,9.699999809265137,0,71,3.0,38.599998,7,3.5999999046325684,3.75,24.6,,2.0,4.0,,5.25,0.6240000128746033,3.0,36.11999893188477,22.0,2.9642856121063232,23.0,0.8220000267028809,-1.7717036,4.0,6.0,10.0,6.0,5.0,,2.5,3.0,3.242000102996826,,,11.199999809265142,-1.7892668,1.5,4.0,6.0,1,6.0,3.042999982833862,,2.0,32.5
33,Sri Lanka,8.300000190734862,6.9000000953674325,7,61,5.0,,3,6.550000190734862,6.0,,43.0,6.0,7.0,,7.25,0.7730000019073486,6.0,44.34000015258789,1.0,6.6785712242126465,11.0,0.4580000042915344,-0.026169471,3.0,7.0,40.0,8.0,7.0,,6.5,6.0,1.9800000190734857,,,29.42362976074219,-0.0040295357,5.0,6.0,7.0,0,7.0,2.589999914169312,,7.0,
34,Chad,9.100000381469727,9.100000381469727,1,74,2.0,30.6,7,3.4500000476837163,2.25,41.200001,,3.0,2.0,,3.0,0.625,2.0,39.65999984741211,1.0,3.178571462631226,19.0,0.9760000109672546,-1.5118953000000002,4.0,4.0,20.0,3.0,2.0,,2.5,2.0,2.559999942779541,,,13.35935974121094,-1.3023646999999998,2.5,3.0,3.0,1,3.0,1.276999950408936,,3.0,70.699997
35,Chile,3.0,3.2999999523162837,10,29,9.0,,1,9.199999809265137,9.5,,,10.0,9.0,4.941212177276611,9.5,0.8939999938011169,10.0,20.53000068664551,100.0,8.535714149475098,2.0,0.09600000083446499,1.010753,2.0,10.0,85.0,9.0,10.0,6.0,8.0,7.0,1.603000044822693,,,17.64689636230469,0.41311052,7.0,7.0,10.0,2,10.0,3.821000099182129,,9.0,
36,China,8.5,8.600000381469728,2,87,2.0,,7,3.283333301544189,2.25,,87.0,1.0,2.0,,1.75,0.6769999861717224,1.0,77.66000366210938,8.0,6.75,6.0,0.5379999876022339,0.35487476,4.0,2.0,20.0,1.0,1.0,,5.5,6.0,2.253999948501587,,,0.0,-0.49939504,7.0,1.0,2.0,0,2.0,0.4180000126361847,,5.0,
37,Taiwan,,,10,25,10.0,,1,9.550000190734863,10.0,,,9.0,10.0,,9.75,0.9070000052452089,10.0,24.3700008392334,100.0,9.285714149475098,0.0,0.3070000112056732,1.3614401000000003,1.0,10.0,70.0,10.0,10.0,,9.0,9.0,1.7250000238418581,,,26.35247993469238,0.92566442,9.5,9.0,9.0,2,9.0,2.683000087738037,,9.0,
38,Colombia,7.0,6.300000190734862,8,57,6.0,,3,6.75,6.5,,32.0,7.0,7.0,,7.0,0.8090000152587891,8.0,41.47000122070313,100.0,6.4285712242126465,10.0,0.5720000267028809,0.015444258999999998,3.0,7.0,50.0,7.0,7.0,,6.0,6.0,2.753999948501587,,,19.20307540893555,-0.88245934,5.0,5.0,7.0,0,7.0,3.1059999465942383,,6.0,
39,Comoros,6.300000190734862,7.300000190734862,4,49,,47.900002,3,,,57.799999,,,,,,0.5260000228881836,,24.32999992370605,100.0,,11.0,0.7239999771118164,-1.5527751,,,30.0,,,,,,,,,16.64275169372559,0.035759902999999996,,,,2,,3.003999948501587,,,94.599998
40,Congo,8.5,8.899999618530273,2,60,2.0,36.200001,7,3.25,2.5,41.099998,,2.0,3.0,,2.5,0.5049999952316284,2.0,36.72999954223633,6.0,3.5,13.0,0.8059999942779541,-1.0967954,4.0,3.0,10.0,2.0,2.0,,2.5,2.0,2.361000061035156,,,11.32845973968506,-0.51926953,2.5,3.0,3.0,1,3.0,2.285000085830688,,3.0,74.199997
41,"Congo, Democratic Republic",9.800000190734863,9.600000381469727,1,82,3.0,33.0,7,3.466666698455811,2.75,26.9,,2.0,2.0,,2.75,0.5120000243186951,2.0,52.66999816894531,6.0,2.7857143878936768,24.0,0.9430000185966492,-1.510932,5.0,3.0,10.0,2.0,3.0,,1.0,1.0,3.0590000152587886,,,13.44869995117188,-2.2346215,2.0,4.0,4.0,0,4.0,1.694000005722046,,1.0,37.599998
42,Costa Rica,1.5,2.4000000953674316,11,16,9.0,,1,9.050000190734863,9.5,,,7.0,10.0,,10.0,0.9089999794960022,10.0,11.93000030517578,100.0,7.9285712242126465,1.0,0.1860000044107437,0.355468,,10.0,50.0,10.0,10.0,,8.0,8.0,1.7000000476837158,,,25.29559135437012,0.66142833,7.5,7.0,10.0,2,10.0,3.543999910354614,,8.0,
43,Croatia,3.5999999046325684,2.9000000953674316,10,41,8.0,,1,8.350000381469728,8.0,,,8.0,8.0,4.909911632537842,8.75,0.8759999871253967,9.0,29.59000015258789,100.0,7.785714149475098,2.0,0.4120000004768372,0.49428681,1.0,10.0,35.0,9.0,9.0,6.5999999046325675,8.0,8.0,1.674000024795532,,,28.88567924499512,0.66376948,7.5,7.0,7.0,2,7.0,3.190000057220459,,8.0,
44,Cuba,7.5,7.5999999046325675,1,91,4.0,,7,3.5833332538604736,3.25,,79.0,1.0,2.0,,1.75,0.7459999918937683,1.0,71.75,8.0,4.464285850524902,5.0,0.4169999957084656,-0.10497869,3.0,2.0,10.0,1.0,2.0,,6.0,6.0,2.062999963760376,,,0.0,0.68536389,6.0,1.0,3.0,0,3.0,0.4460000097751617,,6.0,
45,Cyprus (1975-),3.0,4.800000190734863,11,23,,,1,,,,,,,5.639497756958008,,0.8799999952316284,,19.79000091552734,100.0,,3.0,0.1679999977350235,0.9609431,1.0,,70.0,,,5.800000190734862,,,1.940000057220459,,,21.38239669799805,0.60425472,,,,2,,3.6779999732971187,,,
46,Czech Republic,2.4000000953674316,4.699999809265137,11,21,10.0,,1,9.399999618530273,9.25,,,9.0,9.0,6.063899040222168,10.0,0.9210000038146972,9.0,16.90999984741211,100.0,9.642857551574707,0.0,0.2630000114440918,1.0367395000000001,1.0,10.0,75.0,10.0,10.0,7.4000000953674325,9.5,9.0,1.368000030517578,6.935723304748535,,34.46799850463867,0.97611552,9.0,8.0,10.0,2,10.0,3.4040000438690186,5.799508571624756,10.0,
47,Benin,5.199999809265137,5.400000095367432,8,37,8.0,71.699997,2,7.8499999046325675,6.5,64.0,,8.0,6.0,,8.75,0.8880000114440918,10.0,30.31999969482422,100.0,5.0,10.0,0.4120000004768372,-0.56419027,2.0,9.0,30.0,9.0,8.0,,3.5,4.0,2.028000116348267,,,15.451199531555181,-0.0020271717,4.5,4.0,8.0,1,8.0,2.240000009536743,,3.0,89.699997
48,Denmark,1.5,0.8999999761581421,12,12,,,1,,,,,,,7.7865424156188965,,0.9490000009536744,,10.35999965667725,100.0,,0.0,0.0140000004321337,1.8760539,1.0,,95.0,,,8.0,,,1.299000024795532,8.187933921813965,,44.750999450683594,0.86791545,,,,2,,3.846999883651733,7.619710922241211,,
49,Dominica,,,10,25,,,1,,,,,,,,,,,,100.0,,,,0.054378983,,,60.0,,,,,,,,,23.1992015838623,1.0024377,,,,2,,,,,
50,Dominican Republic,5.800000190734862,5.5,8,42,6.0,,3,6.949999809265138,5.25,,,7.0,5.0,,8.0,0.878000020980835,7.0,26.76000022888184,100.0,5.9285712242126465,4.0,0.8270000219345093,-0.26371133,3.0,9.0,25.0,7.0,6.0,,4.5,4.0,2.1099998950958248,,,16.918571472167972,0.25210604,4.5,6.0,8.0,2,8.0,1.5429999828338616,,5.0,
51,Ecuador,5.0,6.5,6,66,6.0,,3,5.9000000953674325,4.75,,43.0,6.0,4.0,,6.5,0.8679999709129333,5.0,33.639999389648445,100.0,5.535714149475098,7.0,0.578000009059906,-0.43031299,2.0,6.0,15.0,6.0,4.0,,5.5,6.0,1.952000021934509,,3.5224626000000003,26.26335525512695,-0.085357957,5.0,4.0,5.0,1,5.0,2.674999952316284,,5.0,
52,El Salvador,6.300000190734862,4.800000190734863,9,41,5.0,,2,7.300000190734862,6.0,,,7.0,6.0,,8.5,0.8059999942779541,9.0,27.23999977111816,100.0,6.464285850524902,4.0,0.5889999866485596,-0.28501406,2.0,8.0,35.0,9.0,7.0,,5.5,5.0,2.252000093460083,,,24.42524909973145,-0.09929137699999999,5.0,7.0,8.0,2,8.0,2.493000030517578,,6.0,
53,Equatorial Guinea,9.199999809265137,9.800000190734863,0,91,2.0,22.1,7,2.816666603088379,1.75,40.599998,,1.0,2.0,,2.0,0.5130000114440918,1.0,66.47000122070314,1.0,3.2142856121063232,12.0,0.8970000147819519,-1.4079926,3.0,2.0,10.0,2.0,2.0,,3.0,3.0,1.8880000114440918,,,0.912500023841858,-0.14086863,3.0,2.0,2.0,0,2.0,0.3499999940395355,,3.0,91.599998
54,Ethiopia (1993-),9.0,8.199999809265138,3,86,2.0,39.299999,7,3.016666650772095,2.75,44.799999,86.0,2.0,3.0,,2.0,0.5699999928474426,2.0,50.34000015258789,1.0,3.642857074737549,19.0,0.6000000238418579,-0.63835615,4.0,2.0,30.0,2.0,2.0,,3.0,2.0,2.345000028610229,,,2.954960107803345,-1.6198132,3.0,2.0,2.0,0,2.0,3.092000007629395,,4.0,59.299999
55,Eritrea,9.0,9.300000190734863,1,94,1.0,17.4,7,2.116666555404663,1.25,33.599998,,1.0,1.0,,1.0,0.3619999885559082,1.0,84.23999786376953,18.0,1.5714285373687742,15.0,0.5590000152587891,-1.6961038,4.0,1.0,10.0,1.0,1.0,,1.5,1.0,2.49399995803833,,,0.0,-0.65691209,2.0,1.0,1.0,0,1.0,0.1739999949932098,,2.0,62.900002
56,Estonia,1.7000000476837158,2.700000047683716,11,16,10.0,,1,9.75,10.0,,6.0,10.0,10.0,6.609893798828125,10.0,0.9480000138282776,10.0,13.550000190734858,100.0,9.285714149475098,0.0,0.0350000001490116,1.0908567,1.0,10.0,90.0,10.0,10.0,8.0,9.0,9.0,1.715999960899353,7.3011274337768555,,30.75799942016602,0.67390776,9.0,9.0,10.0,2,10.0,3.7669999599456787,6.862345218658447,9.0,
57,Fiji,6.9000000953674325,6.9000000953674325,7,44,,,3,,,,,,,,,0.7900000214576721,,28.63999938964844,1.0,,4.0,0.2160000056028366,-0.24881326,1.0,,30.0,,,,,,,,,22.5909595489502,0.91781497,,,,1,,3.1110000610351562,,,
58,Finland,1.0,0.8999999761581421,12,12,,,1,,,,,,,7.540517330169678,,0.9509999752044678,,8.920000076293945,100.0,,0.0,0.0309999994933605,1.8289077,1.0,,90.0,,,9.0,,,1.5269999504089362,8.121855735778809,,38.09400177001953,0.9990865,,,,2,,3.631999969482422,8.198835372924805,,
59,France (1963-),2.099999904632568,1.2999999523162842,11,26,,,1,,,,26.0,,,6.4911956787109375,,0.9430000185966492,,22.23999977111816,100.0,,0.0,0.0700000002980232,1.4052521999999998,1.0,,80.0,,,7.800000190734862,,,1.86899995803833,7.3961663246154785,,25.0,-0.095359117,,,,2,,3.95799994468689,6.458615779876709,,
60,Djibouti,7.800000190734862,8.199999809265138,2,77,3.0,37.099998,6,3.783333301544189,3.0,50.5,,3.0,3.0,,3.0,0.5740000009536743,2.0,70.54000091552734,1.0,4.535714149475098,12.0,0.7300000190734863,-0.97396255,,3.0,25.0,4.0,3.0,,4.5,4.0,2.2090001106262207,,,5.9490318298339835,-0.62640041,3.0,4.0,2.0,1,2.0,1.205999970436096,,5.0,80.800003
61,Gabon,7.5,8.199999809265138,3,71,5.0,46.599998,6,4.699999809265137,3.75,54.799999,,3.0,3.0,,3.75,0.7519999742507935,2.0,34.830001831054695,1.0,5.0714287757873535,10.0,0.7820000052452087,-0.79206324,3.0,4.0,40.0,4.0,3.0,,4.5,5.0,2.032000064849854,,,6.748799800872803,-0.10491098,5.5,4.0,4.0,1,4.0,2.282999992370605,,4.0,91.599998
62,Georgia,5.599999904632568,8.300000190734862,7,50,7.0,,3,6.800000190734862,6.5,,24.0,7.0,7.0,,8.5,0.8820000290870667,8.0,27.76000022888184,100.0,6.035714149475098,6.0,0.1770000010728836,0.51824814,2.0,9.0,40.0,9.0,6.0,,5.5,5.0,2.095999956130981,,3.81198,17.34700012207031,-0.31329149,5.5,5.0,8.0,1,8.0,3.38700008392334,,6.0,
63,Gambia,9.399999618530273,8.600000381469728,0,87,6.0,32.900002,6,6.9000000953674325,5.5,45.299999,67.0,7.0,6.0,,7.0,0.6349999904632568,8.0,46.70000076293945,1.0,4.785714149475098,15.0,0.6449999809265137,-0.84194332,3.0,7.0,25.0,7.0,6.0,,4.5,5.0,2.220999956130981,,,9.065199851989746,-0.4344123,3.5,5.0,7.0,0,7.0,1.4249999523162842,,4.0,70.800003
64,Germany,1.100000023841858,1.0,12,20,,,1,,,,20.0,,,6.807313442230225,,0.9430000185966492,,14.97000026702881,100.0,,0.0,0.0230000000447035,1.7345681,1.0,,90.0,,,8.800000190734863,,,1.514999985694885,7.7568302154541025,2.255132,31.8528881072998,0.6813634,,,,2,,3.719000101089478,7.107744216918945,,
65,Ghana,5.099999904632568,4.199999809265137,10,33,7.0,71.800003,1,7.9000000953674325,7.0,70.400002,,9.0,8.0,,8.5,0.8000000119209291,8.0,17.95000076293945,100.0,5.607142925262451,11.0,0.6460000276565552,-0.16831096,2.0,9.0,50.0,8.0,8.0,,5.0,6.0,1.8079999685287482,,,16.241399765014652,-0.13092862,5.0,8.0,8.0,1,8.0,2.081000089645386,,4.0,87.300003
66,Kiribati,,,9,30,,,1,,,,,,,,,,,,,,,,-0.43382064,,,30.0,,,,,,,,,11.62399959564209,0.87323606,,,,2,,,,,
67,Greece,3.2000000476837163,6.699999809265138,8,44,,,2,,,,,,,4.736044406890869,,0.9409999847412108,,30.88999938964844,100.0,,2.0,0.2849999964237213,0.22667781,3.0,,40.0,,,7.4000000953674325,,,2.019999980926514,,,31.94050025939941,-0.12159918,,,,2,,3.476000070571899,,,
68,Grenada,3.2000000476837163,5.400000095367432,10,26,,,1,,,,,,,,,,,,100.0,,,,-0.17501646,,,,,,,,,,,,22.54604911804199,1.0189325,,,,2,,,,,
69,Guatemala,7.199999809265138,6.5,5,58,4.0,,4,5.050000190734863,4.75,,,5.0,5.0,,5.25,0.7300000190734863,5.0,39.33000183105469,100.0,5.107142925262451,8.0,0.7599999904632568,-0.60639334,2.0,5.0,20.0,6.0,5.0,,4.0,4.0,2.243000030517578,,,8.53794002532959,-0.54259264,3.5,4.0,6.0,2,6.0,2.61299991607666,,4.0,
70,Guinea,7.699999809265138,9.600000381469727,3,66,5.0,47.900002,5,6.050000190734862,5.0,53.200001,,5.0,6.0,,6.25,0.628000020980835,5.0,33.15000152587891,1.0,4.5,18.0,0.8249999880790709,-1.0058601999999999,3.0,6.0,20.0,6.0,5.0,,4.5,5.0,2.099999904632568,,,14.39844036102295,-0.39387482,3.5,6.0,6.0,1,6.0,1.6200000047683718,,4.0,89.199997
71,Guyana,3.5,5.400000095367432,8,38,,,2,,,,,,,,,0.8970000147819519,,26.79999923706055,100.0,,9.0,0.4629999995231628,-0.30152425,2.0,,30.0,,,,,,2.029000043869019,,,26.6495304107666,-0.026062664,,,,2,,3.1779999732971187,,,
72,Haiti,7.5999999046325675,9.699999809265137,4,52,4.0,,5,4.099999904632568,3.0,,,3.0,3.0,,6.0,0.6179999709129333,3.0,26.36000061035156,1.0,2.892857074737549,14.0,0.8569999933242798,-2.0784919,2.0,7.0,10.0,6.0,3.0,,3.0,3.0,2.049999952316284,,,10.62392044067383,-0.74378806,2.0,3.0,7.0,2,7.0,1.830000042915344,,3.0,
73,Honduras,6.9000000953674325,6.800000190734862,4,66,4.0,,4,5.800000190734862,4.75,,,5.0,5.0,,5.75,0.7450000047683716,6.0,43.75,1.0,5.214285850524902,7.0,0.8299999833106995,-0.72635037,3.0,6.0,30.0,6.0,5.0,,4.0,4.0,2.193000078201294,,,23.45167541503906,-0.43331212,3.5,6.0,5.0,1,5.0,2.006999969482422,,4.0,
74,Hungary,5.199999809265137,6.0999999046325675,7,44,7.0,,3,7.1500000953674325,6.0,,29.0,6.0,6.0,4.531848430633545,7.5,0.8920000195503235,7.0,29.01000022888184,100.0,7.714285850524902,0.0,0.4339999854564667,0.46430165,2.0,7.0,45.0,7.0,5.0,3.7999999523162837,7.5,7.0,1.503000020980835,6.901294708251952,,31.369831085205078,0.65467864,6.0,7.0,6.0,2,6.0,2.881999969482422,6.323062419891357,8.0,
75,Iceland,1.0,1.2999999523162842,10,15,,,1,,,,6.0,,,7.086949825286865,,0.9259999990463256,,13.02999973297119,100.0,,,0.0199999995529652,1.3857321000000002,,,90.0,,,7.4000000953674325,,,1.083999991416931,8.099688529968263,,42.14699935913086,1.3616238999999999,,,,2,,3.663000106811523,7.811625957489014,,
76,India,6.0,4.699999809265137,9,43,6.0,,2,7.5999999046325675,7.0,,41.0,8.0,7.0,,8.0,0.7120000123977661,9.0,42.93999862670898,100.0,6.3214287757873535,11.0,0.4869999885559082,0.07518322,4.0,7.0,55.0,9.0,9.0,,4.5,4.0,2.545000076293945,,3.2079685000000002,30.90509986877441,-0.95383984,5.5,7.0,7.0,0,7.0,2.719000101089478,,5.0,
77,Indonesia,7.199999809265138,5.099999904632568,6,49,6.0,,2,6.5,6.25,,47.0,6.0,5.0,,7.0,0.7900000214576721,6.0,39.93000030517578,100.0,6.0,8.0,0.675000011920929,0.0076384926,3.0,7.0,30.0,8.0,9.0,,5.5,5.0,1.8400000333786009,,,31.6060791015625,-0.37295243,4.0,6.0,6.0,0,6.0,2.384999990463257,,6.0,
78,Iran,9.5,9.0,2,90,2.0,,6,2.9166667461395264,2.25,,85.0,2.0,2.0,,2.75,0.5199999809265137,2.0,65.12000274658203,21.0,3.392857074737549,9.0,0.7149999737739563,-0.19141445,4.0,3.0,10.0,4.0,3.0,,3.0,2.0,2.344000101089478,,,6.656799793243407,-0.81307542,3.5,2.0,2.0,0,2.0,1.4579999446868899,,4.0,
79,Iraq,8.699999809265138,9.5,2,71,3.0,,5,3.5999999046325684,3.75,,,3.0,4.0,,4.75,0.5419999957084656,3.0,54.02999877929688,1.0,3.892857074737549,18.0,0.8510000109672546,-1.2675301,5.0,6.0,37.29999923706055,6.0,5.0,,3.0,2.0,3.5160000324249268,,,27.95800018310547,-2.3135877000000002,2.5,4.0,3.0,0,3.0,1.9869999885559082,,4.0,
80,Ireland,1.399999976158142,1.0,11,18,,,1,,,,,,,6.53322696685791,,0.9470000267028807,,14.07999992370605,100.0,,0.0,0.0439999997615814,1.3316208,1.0,,90.0,,,8.0,,,1.4170000553131101,7.550252914428711,,31.395000457763672,0.84781885,,,,2,,3.624000072479248,6.178030490875244,,
81,Israel,,,10,33,,,1,,,,,,,5.7411866188049325,,0.859000027179718,,31.01000022888184,100.0,,7.0,0.1280000060796738,1.3454877,4.0,,75.0,,,7.199999809265138,,,2.744999885559082,7.900856971740723,,35.53900146484375,-0.79453635,,,,1,,3.3529999256134033,5.143122673034668,,
82,Italy,2.0,3.7000000476837163,10,31,,,1,,,,25.0,,,5.556230068206787,,0.8930000066757202,,26.26000022888184,100.0,,0.0,0.2590000033378601,0.53477043,2.0,,50.0,,,7.5999999046325675,,,1.74399995803833,7.108249187469482,,46.05413055419922,0.36941531,,,,2,,3.5469999313354488,6.133725643157959,,
83,Cote d'Ivoire,7.9000000953674325,7.9000000953674325,5,51,5.0,53.400002,4,5.800000190734862,3.75,58.400002,,6.0,3.0,,7.0,0.7710000276565552,6.0,30.42000007629395,1.0,4.964285850524902,17.0,0.5659999847412109,-0.67313051,3.0,8.0,30.0,7.0,4.0,,3.5,3.0,2.265000104904175,,,3.171593904495239,-0.90755934,3.0,6.0,7.0,0,7.0,2.138999938964844,,4.0,80.5
84,Jamaica,5.5,4.800000190734863,9,19,7.0,,2,8.300000190734862,7.25,,,8.0,9.0,,9.5,0.9240000247955322,9.0,12.72999954223633,100.0,6.3214287757873535,3.0,0.1340000033378601,0.41220429999999997,3.0,10.0,40.0,9.0,8.0,,5.5,6.0,2.072000026702881,,,15.070713996887212,0.30768394,5.0,9.0,10.0,2,10.0,3.148999929428101,,5.0,
85,Japan,3.0,1.2000000476837158,12,27,,,1,,,,23.0,,,5.89773416519165,,0.7870000004768372,,29.44000053405762,100.0,,0.0,0.0820000022649765,1.8220379,1.0,,80.0,,,6.800000190734862,,,1.3769999742507928,,,16.255304336547848,0.98294419,,,,2,,3.714999914169312,,,
86,Kazakhstan,7.300000190734862,8.300000190734862,1,85,3.0,,7,3.7999999523162837,3.0,,62.0,2.0,4.0,,2.5,0.8429999947547913,2.0,54.0099983215332,1.0,5.607142925262451,9.0,0.8370000123977661,-0.067045324,3.0,3.0,30.0,2.0,2.0,,5.5,6.0,1.9579999446868899,,,1.1855249404907229,0.0084574828,5.0,2.0,3.0,1,3.0,1.5049999952316282,,5.0,
87,Jordan,7.9000000953674325,6.300000190734862,3,68,5.0,,5,4.366666793823241,4.5,,53.0,2.0,5.0,,4.0,0.5680000185966492,3.0,43.2400016784668,24.0,6.0714287757873535,6.0,0.4880000054836273,0.13379024,3.0,5.0,60.0,5.0,3.0,,5.0,5.0,2.1199998855590816,,3.9315526,0.8949999809265137,-0.49239838,5.5,3.0,4.0,1,4.0,2.473000049591064,,5.0,
88,Kenya,7.0,7.5999999046325675,5,58,6.0,56.799999,4,6.25,5.5,57.400002,29.0,6.0,6.0,,6.5,0.6980000138282776,7.0,31.20000076293945,100.0,5.357142925262451,10.0,0.7319999933242798,-0.32493797,3.0,5.0,30.0,8.0,6.0,,4.5,5.0,2.329999923706055,,,15.883179664611822,-1.354791,4.5,4.0,7.0,1,7.0,2.427999973297119,,4.0,72.400002
89,"Korea, North",9.399999618530273,10.0,0,98,1.0,,7,2.5999999046325684,1.0,,,1.0,1.0,,1.0,0.3079999983310699,1.0,84.9800033569336,8.0,1.714285731315613,7.0,0.7379999756813049,-1.6268322,5.0,1.0,5.0,1.0,1.0,,2.0,2.0,2.9679999351501465,,,0.0,-0.68076068,2.0,1.0,1.0,0,1.0,0.0359999984502792,,2.0,
90,"Korea, South",2.9000000953674316,4.400000095367432,8,34,8.0,,2,8.449999809265138,8.25,,35.0,8.0,9.0,6.145510196685791,8.25,0.8519999980926514,9.0,27.61000061035156,100.0,8.642857551574707,0.0,0.2310000061988831,1.0640421,2.0,7.0,70.0,9.0,9.0,6.5999999046325675,7.5,7.0,1.7929999828338616,,,31.76984977722168,0.16346896,8.5,6.0,7.0,0,7.0,3.217000007629395,,8.0,
91,Kuwait,7.9000000953674325,7.199999809265138,4,60,5.0,,5,4.5,4.5,,,3.0,5.0,,3.75,0.4990000128746033,3.0,33.610000610351555,23.0,6.714285850524902,3.0,0.5659999847412109,-0.16353275,2.0,4.0,45.0,4.0,4.0,,6.5,6.0,1.822999954223633,,3.8662419000000003,0.0,-0.049683165,5.0,2.0,4.0,1,4.0,2.2660000324249268,,7.0,
92,Kyrgyzstan,7.5,7.699999809265138,4,67,6.0,,5,6.1500000953674325,5.25,,37.0,5.0,4.0,,6.5,0.8690000176429749,7.0,30.92000007629395,1.0,5.642857074737549,12.0,0.8820000290870667,-0.89562076,3.0,7.0,20.0,7.0,6.0,,5.0,5.0,2.219000101089478,,,22.81999969482422,-0.64686191,3.5,4.0,6.0,1,6.0,2.910000085830688,,5.0,
93,Laos,7.9000000953674325,9.100000381469727,1,85,3.0,,7,2.9166667461395264,2.0,,,1.0,2.0,,1.0,0.5479999780654907,1.0,66.41000366210939,8.0,4.785714149475098,12.0,0.8709999918937683,-0.39820823,2.0,1.0,15.0,1.0,1.0,,4.0,5.0,1.812999963760376,,,1.8397400379180908,0.53229129,3.0,1.0,1.0,1,1.0,0.2020000070333481,,3.0,
94,Lebanon,7.4000000953674325,7.5999999046325675,2,56,6.0,,5,4.866666793823242,4.75,,46.0,3.0,5.0,,5.75,0.578000009059906,3.0,33.009998321533196,1.0,5.4285712242126465,5.0,0.7200000286102295,-0.53850979,2.0,8.0,20.0,5.0,5.0,,4.0,4.0,2.803999900817871,,3.2542956000000003,19.22400093078613,-1.6189726999999998,3.5,5.0,7.0,1,7.0,2.154999971389771,,4.0,
95,Lesotho,5.0,5.9000000953674325,6,51,6.0,63.799999,3,5.599999904632568,5.5,66.199997,,4.0,6.0,,5.75,0.8270000219345093,5.0,28.78000068664551,100.0,4.785714149475098,9.0,0.5590000152587891,-0.80185908,3.0,6.0,30.0,8.0,4.0,,4.0,5.0,2.065000057220459,,,15.89249706268311,-0.23646517,3.5,4.0,5.0,2,5.0,2.651000022888184,,3.0,87.5
96,Latvia,2.799999952316284,3.4000000953674316,9,26,9.0,,1,8.75,8.25,,,10.0,8.0,5.095050811767578,9.0,0.9470000267028807,10.0,18.6200008392334,100.0,8.607142448425293,0.0,0.1439999938011169,1.0052642,1.0,10.0,50.0,9.0,9.0,7.800000190734862,8.0,8.0,1.6710000038146966,,,29.533000946044922,0.47906923,8.5,6.0,8.0,2,8.0,3.693000078201294,,8.0,
97,Liberia,6.5,6.800000190734862,7,60,5.0,58.0,3,6.550000190734862,5.25,61.400002,,6.0,5.0,,7.5,0.8040000200271606,8.0,31.1200008392334,1.0,4.5714287757873535,13.0,0.8059999942779541,-1.2789309,1.0,8.0,25.0,8.0,6.0,,3.5,4.0,2.059000015258789,,,11.98258590698242,-0.43740776,4.0,5.0,7.0,1,7.0,2.0550000667572017,,3.0,89.0
98,Libya,9.100000381469727,9.5,0,77,1.0,24.9,7,2.566666603088379,1.75,22.4,54.0,2.0,2.0,,3.5,0.5329999923706055,3.0,56.81000137329102,19.0,2.642857074737549,13.0,0.7940000295639038,-1.8919289000000001,5.0,4.0,10.0,4.0,2.0,,2.0,3.0,3.339999914169312,,3.9607425000000003,7.063000202178955,-2.28333,3.0,3.0,4.0,1,4.0,2.8529999256134033,,1.0,32.799999
99,Liechtenstein,,,10,15,,,2,,,,,,,,,,,20.30999946594238,,,,,1.7058488999999997,,,,,,,,,,,,,1.4779269,,,,2,,,,,
100,Lithuania,2.5,2.700000047683716,10,21,9.0,,1,9.449999809265137,9.5,,,10.0,10.0,5.99118185043335,9.75,0.9359999895095824,10.0,21.3700008392334,100.0,9.035714149475098,1.0,0.1500000059604645,1.0700655000000001,1.0,10.0,65.0,10.0,10.0,8.399999618530272,8.5,9.0,1.7339999675750732,6.4049553871154785,,31.01000022888184,0.82827997,9.0,7.0,9.0,2,9.0,3.535000085830688,6.068829536437987,8.0,
101,Luxembourg,1.0,1.0,10,14,,,1,,,,,,,7.261725425720215,,0.9330000281333924,,14.72000026702881,100.0,,0.0,0.0610000006854534,1.6923457,,,90.0,,,8.0,,,,,,28.13957595825195,1.4194847,,,,2,,3.811000108718872,,,
102,Madagascar,5.599999904632568,7.0999999046325675,5,58,5.0,62.5,3,5.349999904632568,4.25,54.400002,,5.0,4.0,,5.5,0.8220000267028809,7.0,26.70999908447266,1.0,4.6785712242126465,11.0,0.8579999804496765,-1.1677271,3.0,5.0,45.0,6.0,4.0,,3.5,4.0,1.9140000343322747,,,12.52299976348877,-0.29009461,4.0,4.0,4.0,1,4.0,2.1800000667572017,,3.0,88.800003
103,Malawi,6.199999809265138,6.4000000953674325,6,45,6.0,64.099998,3,6.449999809265138,5.75,64.300003,42.0,7.0,6.0,,7.25,0.753000020980835,7.0,28.96999931335449,1.0,4.535714149475098,14.0,0.6679999828338623,-0.72599846,2.0,8.0,40.0,6.0,6.0,,4.0,5.0,1.824000000953674,,,19.34075927734375,-0.11347856,3.5,4.0,7.0,2,7.0,3.0199999809265137,,3.0,95.5
104,Malaysia (1966-),8.0,7.699999809265138,5,69,5.0,,4,4.783333301544189,4.0,,44.0,3.0,4.0,,3.75,0.7670000195503235,2.0,46.88999938964844,1.0,7.214285850524902,5.0,0.5389999747276306,0.86577493,3.0,4.0,55.0,4.0,3.0,,6.5,6.0,1.6499999761581419,,,18.66448783874512,0.13682462,6.0,7.0,4.0,1,4.0,1.225000023841858,,7.0,
105,Maldives,8.199999809265138,8.5,5,62,,,5,,,,,,,,,0.4979999959468842,,39.29999923706055,1.0,,,0.6669999957084656,-0.32140630000000003,3.0,,25.0,,,,,,,,,28.93077087402344,0.42099282,,,,1,,2.08899998664856,,,
106,Mali,7.300000190734862,6.0999999046325675,4,37,6.0,50.099998,5,5.949999809265138,4.75,54.599998,,6.0,5.0,,7.25,0.8149999976158142,6.0,38.27000045776367,1.0,4.3214287757873535,16.0,0.7609999775886536,-0.99275106,3.0,8.0,25.0,7.0,4.0,,4.0,4.0,2.696000099182129,,,11.791075706481928,-1.6172326000000001,3.0,4.0,7.0,0,7.0,1.9800000190734857,,4.0,72.300003
107,Malta,3.0,3.5999999046325684,11,23,,,1,,,,,,,5.374838829040527,,0.8970000147819519,,24.76000022888184,100.0,,,0.2809999883174896,0.9557844999999999,1.0,,70.0,,,5.400000095367432,,,,,,31.36000061035156,1.0804413999999998,,,,2,,2.8190000057220463,,,
108,Mauritania,7.9000000953674325,8.0,4,53,5.0,37.700001,6,4.216666698455811,4.0,45.400002,,3.0,4.0,,4.25,0.6890000104904175,2.0,26.48999977111816,6.0,4.2142858505249015,16.0,0.8410000205039978,-0.77194721,3.0,6.0,25.0,3.0,3.0,,3.5,3.0,2.361000061035156,,,3.8610520362854,-0.74696767,3.5,5.0,6.0,1,6.0,2.148000001907349,,4.0,82.099998
109,Mauritius,3.4000000953674316,3.0,10,29,8.0,78.099998,1,8.5,8.25,81.0,,9.0,9.0,,8.75,0.8799999952316284,9.0,26.67000007629395,100.0,8.0,0.0,0.6169999837875366,0.96116227,,9.0,60.0,9.0,9.0,,7.0,6.0,1.5279999971389768,,,26.27904510498047,1.0131869,7.0,8.0,7.0,2,7.0,3.803999900817871,,8.0,100.0
110,Mexico,6.5,6.5,7,64,4.0,,3,6.0999999046325675,5.0,,39.0,6.0,5.0,3.9834260940551762,6.25,0.7839999794960022,7.0,48.97000122070313,100.0,6.357142925262451,5.0,0.75,0.13191356,4.0,7.0,50.0,7.0,7.0,6.0,5.5,5.0,2.63100004196167,,,26.37815093994141,-0.62906939,5.0,6.0,5.0,1,5.0,2.688999891281128,,6.0,
111,Monaco,,,9,16,,,3,,,,,,,,,,,,,,,,,,,,,,,,,,,,,1.0145766999999999,,,,2,,,,,
112,Mongolia,4.5,4.0,9,37,7.0,,1,7.4000000953674325,6.25,,,7.0,6.0,,7.75,0.9139999747276306,8.0,28.95000076293945,100.0,5.785714149475098,7.0,0.6000000238418579,-0.09801513699999999,3.0,9.0,30.0,8.0,7.0,,6.0,6.0,1.802000045776367,,,6.728000164031982,0.79779285,5.0,6.0,7.0,2,7.0,2.802999973297119,,6.0,
113,Moldova,4.900000095367432,6.5999999046325675,5,56,7.0,,3,6.199999809265138,5.5,,,6.0,5.0,,6.25,0.8930000066757202,7.0,30.40999984741211,100.0,5.714285850524902,8.0,0.8259999752044678,-0.62688071,2.0,8.0,40.0,6.0,5.0,,5.5,6.0,1.944000005722046,,,32.22100067138672,-0.3035599,5.0,6.0,6.0,1,6.0,2.115999937057495,,5.0,
114,Montenegro,4.099999904632568,4.599999904632568,7,44,8.0,,3,7.550000190734862,7.0,,,7.0,7.0,,7.5,0.8690000176429749,7.0,33.65000152587891,100.0,7.142857074737549,3.0,0.6539999842643738,0.13140833,1.0,8.0,40.0,7.0,7.0,,7.0,7.0,1.949000000953674,,,36.501197814941406,0.27663064,6.0,7.0,6.0,2,6.0,2.395999908447266,,7.0,
115,Morocco,6.800000190734862,6.699999809265138,3,66,5.0,42.5,5,3.7999999523162837,3.25,61.400002,45.0,2.0,2.0,,3.0,0.8119999766349792,2.0,42.41999816894531,24.0,5.4285712242126465,6.0,0.5199999809265137,-0.10620136,3.0,4.0,40.0,3.0,2.0,,4.0,4.0,2.017999887466431,,,2.821500062942505,-0.31257346,5.5,4.0,3.0,0,3.0,2.4489998817443848,,4.0,81.400002
116,Mozambique,5.599999904632568,6.5,5,48,3.0,54.700001,4,4.483333110809326,3.0,53.299999,,3.0,3.0,,4.75,0.859000027179718,3.0,31.04999923706055,1.0,4.142857074737549,11.0,0.5320000052452087,-0.86307102,3.0,5.0,30.0,6.0,3.0,,3.5,4.0,2.019000053405762,,,7.452000141143799,-1.0940045,3.5,6.0,5.0,2,5.0,2.282000064849854,,3.0,81.300003
117,Oman,7.699999809265138,6.800000190734862,2,71,3.0,,6,3.0,2.0,,,2.0,2.0,,1.5,0.3980000019073486,2.0,40.459999084472656,23.0,5.857142925262451,5.0,0.2060000002384186,0.19194637,2.0,2.0,55.0,2.0,1.0,,5.5,6.0,1.922000050544739,,,0.0,0.76005304,5.0,1.0,1.0,1,1.0,0.2230000048875809,,5.0,
118,Namibia,3.7999999523162837,3.2999999523162837,9,32,7.0,74.300003,2,7.5,6.75,78.300003,,7.0,9.0,,8.5,0.8569999933242798,8.0,17.07999992370605,100.0,5.5,5.0,0.1609999984502792,0.16730198,2.0,8.0,30.0,9.0,6.0,,5.5,5.0,1.8220000267028809,,,6.73960018157959,0.71008968,5.0,7.0,8.0,2,8.0,3.660000085830688,,6.0,99.699997
119,Nauru,,,8,46,,,2,,,,,,,,,,,,,,,,-0.6883387,2.0,,,,,,,,,,,,0.57907724,,,,2,,,,,
120,Nepal,7.699999809265138,7.4000000953674325,5,52,4.0,,3,4.900000095367432,4.25,,,5.0,5.0,,6.25,0.7540000081062317,5.0,33.02000045776367,1.0,4.142857074737549,11.0,0.7239999771118164,-0.82645148,3.0,6.0,30.0,7.0,5.0,,2.5,3.0,2.04800009727478,,,21.770000457763672,-0.84681201,3.5,3.0,7.0,1,7.0,2.66700005531311,,2.0,
121,Netherlands,1.0,1.2999999523162842,12,11,,,1,,,,,,,7.020541191101074,,0.9139999747276306,,11.27999973297119,100.0,,0.0,0.0280000008642673,1.8335395,1.0,,90.0,,,7.4000000953674325,,,1.5399999618530267,7.937207221984862,,45.96200180053711,0.91226751,,,,2,,3.767999887466431,6.684870719909668,,
122,Vanuatu,,,7,25,,,2,,,,,,,,,0.718999981880188,,,100.0,,,0.4440000057220459,-0.87991607,,,40.0,,,,,,,,,29.19000053405762,0.51311392,,,,2,,3.296000003814697,,,
123,New Zealand,1.0,0.8999999761581421,12,19,,,1,,,,,,,7.39350700378418,,0.9649999737739564,,13.97999954223633,100.0,,2.0,0.0120000001043081,1.8430052,1.0,,95.0,,,8.399999618530272,,,1.215999960899353,,,31.7230396270752,1.5191834,,,,2,,3.413000106811523,,,
124,Nicaragua,5.199999809265137,7.9000000953674325,5,55,6.0,,5,4.916666507720947,3.75,,,3.0,3.0,,5.0,0.8379999995231628,3.0,31.01000022888184,100.0,5.357142925262451,8.0,0.7850000262260437,-0.6885888000000001,2.0,6.0,10.0,5.0,3.0,,5.0,5.0,1.978000044822693,,,11.899999618530268,-0.08879774800000001,4.0,4.0,6.0,2,6.0,3.0750000476837163,,5.0,
125,Niger,6.5,7.300000190734862,6,52,6.0,55.5,4,6.300000190734862,6.0,53.700001,,7.0,5.0,,7.0,0.8119999766349792,7.0,27.20999908447266,1.0,3.9642856121063232,18.0,0.6320000290870667,-0.63349342,4.0,7.0,30.0,7.0,8.0,,3.0,3.0,2.414999961853027,,,12.600000381469732,-1.103307,2.0,7.0,7.0,1,7.0,2.357000112533569,,3.0,64.099998
126,Nigeria,8.899999618530273,8.600000381469728,6,51,4.0,52.900002,3,5.349999904632568,5.25,47.400002,34.0,5.0,7.0,,6.5,0.7170000076293945,6.0,39.68999862670898,1.0,3.857142925262451,18.0,0.7580000162124634,-1.0875362,5.0,7.0,30.0,7.0,6.0,,4.0,4.0,2.871000051498413,,,7.4000000953674325,-1.8777099,3.0,4.0,6.0,0,6.0,2.371999979019165,,4.0,49.900002
127,Norway,1.100000023841858,0.8000000119209291,12,8,,,1,,,,,,,8.023102760314941,,0.9610000252723694,,7.5999999046325675,100.0,,2.0,0.0099999997764826,1.869375,1.0,,90.0,,,7.800000190734862,,,1.503999948501587,8.086511611938478,,41.71731185913086,1.2000743999999999,,,,2,,3.780999898910522,7.383329391479492,,
128,Micronesia,3.2999999523162837,5.5,10,21,,,1,,,,,,,,,,,,100.0,,,,-0.33495402,,,30.0,,,,,,,,,27.118000030517578,1.0575821,,,,2,,,,,
129,Marshall Islands,,,10,17,,,1,,,,,,,,,,,,100.0,,,,-1.5662441,,,,,,,,,,,,8.574899673461914,0.20774922,,,,2,,,,,
130,Palau,,,10,15,,,1,,,,,,,,,,,,100.0,,,,-0.40165165,,,,,,,,,,,,,0.95040536,,,,2,,,,,
131,Pakistan (1971-),8.0,8.100000381469728,6,65,2.0,,4,3.7000000476837163,3.25,,71.0,3.0,3.0,,4.0,0.5740000009536743,3.0,43.54999923706055,1.0,4.3214287757873535,16.0,0.7670000195503235,-0.65333569,4.0,4.0,30.0,6.0,4.0,,3.0,3.0,3.079999923706055,,,16.081415176391598,-2.4831731,3.0,4.0,3.0,1,3.0,1.7369999885559082,,3.0,
132,Panama,4.300000190734863,3.2000000476837163,8,41,7.0,,2,7.300000190734862,6.0,,,7.0,5.0,,7.75,0.8209999799728394,8.0,32.11999893188477,100.0,6.9285712242126465,3.0,0.593999981880188,0.18573146,1.0,8.0,30.0,8.0,7.0,,6.0,6.0,1.8220000267028809,,,31.85420417785645,0.41143006,5.5,7.0,7.0,2,7.0,2.723999977111816,,6.0,
133,Papua New Guinea,7.5999999046325675,6.800000190734862,4,29,6.0,,3,6.300000190734862,5.75,,,6.0,7.0,,7.75,0.4939999878406525,7.0,25.06999969482422,1.0,4.857142925262451,11.0,0.6420000195503235,-0.73744625,2.0,9.0,20.0,6.0,6.0,,3.5,4.0,2.065000057220459,,,39.9630012512207,-0.50477207,3.5,4.0,8.0,2,8.0,2.611999988555908,,3.0,
134,Paraguay,5.9000000953674325,7.0,5,59,6.0,,3,6.449999809265138,5.5,,,6.0,5.0,,7.5,0.7580000162124634,6.0,35.63999938964844,100.0,6.035714149475098,9.0,0.7960000038146973,-0.79233378,1.0,8.0,30.0,8.0,7.0,,5.0,5.0,1.955999970436096,,,18.614704132080078,0.14178972,4.5,7.0,6.0,2,6.0,1.7730000019073493,,5.0,
135,Peru,4.300000190734863,7.199999809265138,7,45,6.0,,2,6.5999999046325675,6.5,,,6.0,6.0,,7.75,0.8270000219345093,7.0,30.979999542236328,100.0,7.107142925262451,6.0,0.4799999892711639,-0.17861851,2.0,8.0,40.0,7.0,8.0,,5.5,5.0,1.985000014305115,,,28.78075981140137,-0.20172694,5.5,4.0,8.0,2,8.0,2.924000024795532,,6.0,
136,Philippines,6.5999999046325675,7.0,7,44,4.0,,3,6.300000190734862,5.5,,28.0,7.0,7.0,,6.75,0.8820000290870667,7.0,41.08000183105469,100.0,6.642857074737549,12.0,0.6589999794960022,-0.010237089,5.0,8.0,30.0,7.0,6.0,,6.0,7.0,2.517999887466431,,,25.86782073974609,-1.3798188,6.0,4.0,6.0,0,6.0,2.420000076293945,,5.0,
137,Poland,3.2000000476837163,3.2999999523162837,9,34,9.0,,1,8.550000190734862,8.0,,,8.0,7.0,5.335546493530273,9.25,0.915000021457672,8.0,26.46999931335449,100.0,8.607142448425293,0.0,0.1209999993443489,0.70656639,2.0,9.0,65.0,10.0,8.0,7.800000190734862,8.5,8.0,1.687999963760376,7.474617958068848,,26.25544929504395,0.50724196,7.0,7.0,8.0,2,8.0,3.4449999332427983,5.721095561981201,9.0,
138,Portugal,1.7999999523162842,1.6000000238418581,11,17,,,1,,,,,,,5.693819999694824,,0.9319999814033508,,15.77000045776367,100.0,,0.0,0.1430000066757202,1.2098205,2.0,,70.0,,,7.199999809265138,,,1.273000001907349,7.437051296234131,,26.53854942321777,0.97405142,,,,2,,3.6389999389648438,6.062354564666747,,
139,Guinea-Bissau,7.5,9.199999809265137,1,59,5.0,47.099998,5,6.25,5.0,43.0,,5.0,5.0,,6.75,0.7179999947547913,6.0,30.09000015258789,1.0,4.392857074737549,17.0,0.8849999904632568,-1.642998,2.0,7.0,20.0,7.0,6.0,,4.5,5.0,2.28600001335144,,,22.73094940185547,-0.44269386,3.5,7.0,6.0,1,6.0,2.644999980926514,,4.0,89.400002
140,Timor-Leste,5.300000190734863,6.9000000953674325,6,35,7.0,,3,7.550000190734862,7.0,,,7.0,8.0,,8.5,0.8190000057220459,9.0,32.81999969482422,100.0,4.75,7.0,0.3799999952316284,-1.014302,2.0,9.0,20.0,9.0,7.0,,5.0,5.0,1.8700000047683718,,,20.2606086730957,-0.010503778,4.0,6.0,8.0,2,8.0,2.111000061035156,,5.0,
141,Qatar,6.300000190734862,6.300000190734862,3,70,6.0,,6,3.733333349227905,3.75,,,2.0,3.0,,2.25,0.3549999892711639,2.0,39.83000183105469,17.0,8.035714149475098,3.0,0.4880000054836273,0.73551273,2.0,2.0,65.0,2.0,2.0,,6.5,6.0,1.562000036239624,,,0.0,0.90023458,7.5,1.0,4.0,2,4.0,0.2829999923706055,,7.0,
142,Romania,3.7000000476837163,5.199999809265137,10,38,8.0,,2,8.149999618530272,8.25,,,7.0,9.0,4.364524841308594,8.5,0.8610000014305115,8.0,24.45999908447266,100.0,7.964285850524902,4.0,0.4210000038146973,-0.16903558,2.0,9.0,35.0,9.0,8.0,5.400000095367432,7.0,7.0,1.616000056266785,,,22.514080047607422,0.27719662,7.0,7.0,7.0,2,7.0,2.197000026702881,,7.0,
143,Russia,9.199999809265137,8.5,2,83,5.0,,7,4.550000190734863,4.25,,66.0,3.0,4.0,,3.5,0.7649999856948853,3.0,49.45000076293945,1.0,6.0714287757873535,9.0,0.7680000066757202,-0.19723862,4.0,3.0,20.0,4.0,3.0,,6.0,6.0,3.117000102996826,6.173636436462402,,13.299779891967768,-0.94621027,5.0,4.0,4.0,0,4.0,0.5450000166893005,4.405434131622314,6.0,
144,Rwanda,7.199999809265138,7.0999999046325675,5,79,3.0,51.700001,6,3.883333444595337,3.75,62.799999,53.0,2.0,4.0,,2.5,0.847000002861023,2.0,54.11000061035156,1.0,5.714285850524902,16.0,0.3459999859333038,0.098110065,3.0,3.0,30.0,2.0,3.0,,6.0,6.0,2.131999969482422,,,7.219104766845702,-0.054899286,6.0,3.0,3.0,0,3.0,2.5160000324249268,,6.0,65.300003
145,St Kitts and Nevis,,,10,21,,,1,,,,,,,,,,,,100.0,,,,0.14160088,,,,,,,,,,,,34.62491989135742,0.62633073,,,,2,,,,,
146,St Lucia,,,11,17,,,1,,,,,,,,,,,,100.0,,,,0.028124617,,,70.0,,,,,,,,,21.430400848388672,1.0189325,,,,2,,,,,
147,St Vincent and the Grenadines,,,10,21,,,1,,,,,,,,,,,,100.0,,,,0.21721798,,,70.0,,,,,,,,,30.53754043579102,1.0189325,,,,2,,,,,
148,San Marino,,,11,17,,,1,,,,,,,,,,,,,,,,,,,,,,,,,,,,,0.95040536,,,,2,,,,,
149,Sao Tome and Principe,3.2999999523162837,5.599999904632568,9,28,,64.599998,2,,,66.5,,,,,,0.8569999933242798,,,100.0,,,0.289000004529953,-0.6721189000000001,,,25.0,,,,,,,,,19.91819953918457,0.22328685,,,,2,,2.328999996185303,,,94.900002
150,Saudi Arabia,9.100000381469727,8.0,1,86,2.0,,7,2.566666603088379,2.25,,72.0,1.0,2.0,,1.5,0.2720000147819519,1.0,66.0199966430664,17.0,5.964285850524902,8.0,0.4639999866485596,0.26126239,4.0,2.0,40.0,1.0,1.0,,5.0,3.0,2.345999956130981,,,0.0,-0.46482849,4.0,1.0,2.0,0,2.0,0.3959999978542328,,7.0,
151,Senegal,6.0,4.699999809265137,8,47,7.0,68.699997,2,7.0999999046325675,6.25,65.400002,,7.0,6.0,,8.0,0.8669999837875366,9.0,26.71999931335449,100.0,5.25,10.0,0.2919999957084656,-0.45392457,2.0,8.0,40.0,8.0,6.0,,5.0,5.0,1.940999984741211,,,9.404126167297363,-0.21825533,4.0,4.0,8.0,1,8.0,2.78600001335144,,5.0,76.0
152,Serbia,4.400000095367432,5.199999809265137,7,49,8.0,,3,7.699999809265138,6.75,,,7.0,6.0,,8.25,0.8280000090599059,8.0,28.04999923706055,,7.107142925262451,3.0,0.7179999947547913,0.079659455,1.0,9.0,50.0,8.0,7.0,,7.0,7.0,1.8799999952316282,,,27.70694923400879,0.14015360000000002,7.0,7.0,7.0,2,7.0,2.328000068664551,,7.0,
153,Seychelles,3.7999999523162837,5.5,7,49,,68.599998,3,,,72.800003,,,,,,0.8389999866485596,,30.86000061035156,1.0,,,0.2160000056028366,0.37002298,,,50.0,,,,,,,,,33.51256942749023,0.73300451,,,,2,,2.0120000839233403,,,99.900002
154,Sierra Leone,5.300000190734863,6.9000000953674325,7,54,6.0,63.0,3,6.1500000953674325,4.75,59.799999,,6.0,5.0,,6.75,0.8240000009536743,7.0,30.729999542236328,100.0,4.142857074737549,13.0,0.8240000009536743,-1.1706774,2.0,6.0,10.0,8.0,4.0,,3.0,3.0,1.7510000467300422,,,18.37810707092285,-0.15992646,3.5,6.0,6.0,1,6.0,1.952999949455261,,3.0,87.599998
155,Singapore,4.599999904632568,3.9000000953674316,7,67,6.0,,4,5.416666507720947,5.75,,41.0,3.0,5.0,,3.5,0.8510000109672546,2.0,51.099998474121094,1.0,8.892857551574707,2.0,0.017000000923871997,2.2062449,2.0,3.0,90.0,5.0,3.0,,8.0,8.0,1.399999976158142,,,12.223609924316412,1.4957586999999999,9.0,7.0,3.0,1,3.0,3.4739999771118164,,8.0,
156,Slovakia,2.5,4.300000190734863,9,26,9.0,,1,8.600000381469728,8.0,,,8.0,8.0,5.109519958496094,9.75,0.9219999909400941,8.0,15.510000228881841,100.0,8.571428298950195,1.0,0.3319999873638153,0.89406812,1.0,10.0,50.0,10.0,8.0,8.399999618530272,8.5,8.0,1.6269999742507932,,,31.36700057983398,0.72117066,6.5,6.0,9.0,2,9.0,3.553999900817871,,9.0,
157,Vietnam,7.4000000953674325,8.300000190734862,2,84,4.0,,7,3.3499999046325684,2.75,,76.0,1.0,2.0,,1.75,0.8309999704360962,2.0,73.95999908447266,8.0,5.464285850524902,7.0,0.4679999947547913,0.019704808,3.0,2.0,15.0,2.0,2.0,,5.0,5.0,1.9099999666213991,,,3.5,0.23359193,5.0,1.0,1.0,0,1.0,0.968999981880188,,5.0,
158,Slovenia,1.5,2.700000047683716,11,23,9.0,,1,9.25,9.25,,,10.0,9.0,6.293815612792969,9.5,0.9449999928474426,10.0,21.70000076293945,100.0,9.107142448425293,0.0,0.239999994635582,1.1272588,1.0,10.0,60.0,10.0,10.0,8.800000190734863,9.0,9.0,1.3730000257492072,7.476716995239258,,19.45299911499023,0.99043602,9.0,7.0,8.0,2,8.0,3.283999919891357,6.037386417388916,9.0,
159,Somalia,9.5,9.300000190734863,0,79,1.0,14.7,7,1.4333333969116209,1.0,10.9,,1.0,1.0,,1.5,0.4959999918937683,1.0,65.94999694824219,1.0,1.25,20.0,0.9200000166893004,-2.1910462,5.0,2.0,6.800000190734862,1.0,1.0,,1.0,1.0,3.346999883651733,,,0.0,-2.3573625,1.0,1.0,2.0,1,2.0,1.5570000410079958,,1.0,17.1
160,South Africa,4.199999809265137,6.5,7,38,8.0,73.400002,2,7.5999999046325675,7.5,68.300003,25.0,8.0,9.0,,7.5,0.843999981880188,8.0,20.1200008392334,100.0,6.3214287757873535,8.0,0.3540000021457672,0.30643973,3.0,7.0,50.0,8.0,7.0,,6.0,6.0,2.335999965667725,,3.3697922,13.073390007019038,-0.14150397,6.0,7.0,7.0,0,7.0,3.4830000400543213,,6.0,84.599998
161,Zimbabwe,8.199999809265138,9.199999809265137,3,74,3.0,42.5,5,3.8333332538604736,2.75,47.299999,56.0,3.0,3.0,,3.25,0.7059999704360962,2.0,41.43999862670898,1.0,2.821428537368774,17.0,0.8159999847412109,-1.1583504999999998,3.0,4.0,10.0,3.0,3.0,,3.0,3.0,2.296999931335449,,,7.297920227050781,-0.6199379,3.5,4.0,4.0,0,4.0,2.61299991607666,,3.0,81.300003
162,Spain,1.7999999523162842,2.799999952316284,10,28,,,1,,,,,,,5.99034309387207,,0.9350000023841858,,18.69000053405762,100.0,,0.0,0.0790000036358833,1.1158421,2.0,,70.0,,,7.199999809265138,,,1.552000045776367,7.746894359588622,,34.82659912109375,0.41318828,,,,2,,3.6029999256134033,6.556581497192383,,
163,South Sudan,9.5,10.0,0,70,2.0,22.200001,7,2.616666555404663,2.25,14.1,,2.0,3.0,,2.0,0.4779999852180481,1.0,48.15999984741211,19.0,1.9285714626312258,23.0,0.9139999747276306,-2.3533821,5.0,3.0,,1.0,2.0,,2.5,3.0,3.461999893188477,,,,-2.4189656000000004,1.0,2.0,3.0,0,3.0,0.7149999737739563,,2.0,17.9
164,Sudan (2012-),9.600000381469727,9.800000190734863,1,86,1.0,25.5,7,2.233333349227905,1.75,21.5,64.0,1.0,2.0,,2.5,0.5260000228881836,1.0,73.55999755859375,,2.321428537368774,22.0,0.8539999723434448,-1.515177,5.0,3.0,31.10000038146973,2.0,2.0,,1.5,2.0,3.2000000476837163,,,2.3458800315856934,-2.337218,2.0,3.0,3.0,0,3.0,2.434999942779541,,1.0,29.200001
165,Suriname,4.599999904632568,5.0,8,28,,,2,,,,,,,,,0.8659999966621399,,16.069999694824222,100.0,,6.0,0.2809999883174896,-0.33795726,1.0,,30.0,,,,,,,,,22.95116424560547,0.16208135,,,,2,,3.1470000743865967,,,
166,Eswatini (former Swaziland),9.100000381469727,8.800000190734863,0,83,3.0,24.299999,7,3.5833332538604736,2.5,59.700001,,2.0,4.0,,1.75,0.4690000116825104,3.0,51.27000045776367,23.0,3.428571462631226,8.0,0.5540000200271606,-0.57838571,2.0,3.0,40.0,1.0,2.0,,3.0,3.0,2.026000022888184,,,0.0,-0.48871684,3.0,1.0,2.0,1,2.0,2.815000057220459,,3.0,91.599998
167,Sweden,1.100000023841858,1.0,12,11,,,1,,,,,,,7.530367851257324,,0.9399999976158142,,8.270000457763674,100.0,,0.0,0.0120000001043081,1.7736435000000002,1.0,,90.0,,,8.600000381469728,,,1.4889999628067019,7.849904537200928,,44.62963104248047,1.0179409,,,,2,,3.865000009536743,6.729643821716309,,
168,Switzerland,1.7999999523162842,1.0,12,13,,,1,,,,,,,6.985026836395264,,0.9430000185966492,,12.13000011444092,100.0,,1.0,0.0189999993890524,2.0085931,1.0,,90.0,,,8.199999809265138,,,1.36899995803833,8.1679048538208,,35.72800064086914,1.3062904,,,,2,,3.70799994468689,7.232108592987061,,
169,Syria,9.800000190734863,9.899999618530273,0,90,1.0,,7,1.75,1.5,,86.0,1.0,2.0,,1.75,0.4160000085830688,1.0,81.48999786376953,19.0,1.3928571939468377,15.0,0.912999987602234,-1.8189217,5.0,2.0,10.0,2.0,2.0,,1.0,1.0,3.660000085830688,,,9.944549560546877,-2.9163232000000003,1.5,2.0,2.0,0,2.0,0.2599999904632568,,1.0,
170,Tajikistan,8.199999809265138,9.100000381469727,1,87,2.0,,7,2.983333349227905,2.0,,,1.0,2.0,,1.75,0.527999997138977,1.0,50.27000045776367,1.0,3.642857074737549,11.0,0.9330000281333924,-1.0268584,3.0,2.0,20.0,1.0,2.0,,4.5,5.0,2.263999938964844,,,11.89896011352539,-0.77775985,3.0,2.0,2.0,1,2.0,1.669999957084656,,4.0,
171,Thailand,8.0,7.5,3,77,3.0,,6,3.25,3.0,,67.0,1.0,3.0,,1.5,0.6690000295639038,1.0,44.68999862670898,4.0,6.1785712242126465,5.0,0.8100000023841858,0.342031,3.0,2.0,40.0,1.0,2.0,,5.0,4.0,2.285000085830688,,3.4281671,17.18280029296875,-0.98858142,6.0,3.0,2.0,0,2.0,2.9309999942779537,,6.0,
172,Togo,6.699999809265138,7.800000190734862,5,57,5.0,52.599998,4,5.066666603088379,4.25,57.200001,,3.0,4.0,,4.75,0.8069999814033508,3.0,30.75,1.0,4.714285850524902,13.0,0.8080000281333923,-1.0685339,3.0,6.0,30.0,5.0,4.0,,3.5,4.0,1.9539999961853034,,,14.234999656677251,-0.17235358,4.0,4.0,5.0,1,5.0,2.098999977111816,,3.0,89.300003
173,Tonga,,,7,30,,,2,,,,,,,,,,,24.96999931335449,100.0,,,,-0.28205046,,,25.0,,,,,,,,,4.367167949676514,0.91781497,,,,2,,,,,
174,Trinidad and Tobago,4.099999904632568,4.5,9,25,8.0,,2,8.449999809265138,7.25,,,9.0,8.0,,9.25,0.9029999971389772,10.0,20.6200008392334,100.0,6.535714149475098,4.0,0.101000003516674,0.22778212,2.0,9.0,50.0,10.0,8.0,,6.5,6.0,2.08899998664856,,,26.09649085998535,0.28635198,6.0,7.0,9.0,2,9.0,2.9000000953674316,,7.0,
175,United Arab Emirates,7.800000190734862,6.699999809265138,2,78,4.0,,6,4.0,4.0,,69.0,3.0,3.0,,2.0,0.546999990940094,2.0,39.38999938964844,17.0,8.142857551574707,4.0,0.1099999994039536,1.415928,3.0,2.0,55.0,2.0,2.0,,8.0,8.0,1.8830000162124632,,,0.0,0.56474894,7.5,1.0,3.0,0,3.0,0.3479999899864197,,8.0,
176,Tunisia,6.5,6.5,9,54,6.0,69.199997,1,6.5,5.75,59.200001,38.0,5.0,6.0,,7.5,0.8989999890327454,7.0,32.22000122070313,100.0,6.035714149475098,4.0,0.2460000067949295,-0.22900255,3.0,7.0,40.0,9.0,7.0,,6.0,6.0,1.97599995136261,,3.9351082,16.51577186584473,-1.1413268,6.0,5.0,6.0,0,6.0,3.059999942779541,,6.0,75.900002
177,Turkey,7.699999809265138,7.5999999046325675,3,76,4.0,,4,5.550000190734863,4.25,,66.0,5.0,4.0,4.737064838409424,6.0,0.4720000028610229,5.0,52.97999954223633,1.0,6.785714149475098,9.0,0.7559999823570251,0.048478272,4.0,4.0,40.0,7.0,4.0,4.400000095367432,7.0,7.0,2.8020000457763667,,,22.16250038146973,-2.0090630000000003,5.0,6.0,4.0,0,4.0,1.078999996185303,,7.0,
178,Turkmenistan,8.699999809265138,9.699999809265137,0,98,2.0,,7,2.8499999046325684,2.25,,,1.0,2.0,,1.0,0.5170000195503235,1.0,84.19000244140625,8.0,3.428571462631226,9.0,0.9399999976158142,-1.1266111,3.0,1.0,5.0,1.0,2.0,,3.5,3.0,2.25600004196167,,,1.657349944114685,-0.18969251,3.5,2.0,1.0,0,1.0,0.1030000001192093,,4.0,
179,Tuvalu,,,10,27,,,1,,,,,,,,,,,,,,,,-0.9256201999999999,,,,,,,,,,,,,1.4134194,,,,2,,,,,
180,Uganda,7.800000190734862,8.600000381469728,3,58,6.0,57.0,6,5.433333396911621,5.5,57.799999,41.0,3.0,7.0,,4.5,0.8360000252723694,3.0,35.93999862670898,1.0,5.892857074737549,16.0,0.7360000014305115,-0.57125229,3.0,5.0,25.0,5.0,5.0,,5.0,6.0,2.1789999008178706,,,9.176650047302246,-0.71532273,5.0,7.0,5.0,0,5.0,3.002000093460083,,4.0,84.199997
181,Ukraine,6.199999809265138,8.199999809265138,6,53,7.0,,3,6.9000000953674325,6.25,,45.0,7.0,6.0,,7.5,0.8059999942779541,8.0,33.18999862670898,1.0,6.1785712242126465,9.0,0.7960000038146973,-0.57227862,4.0,9.0,25.0,8.0,7.0,,6.5,7.0,3.213000059127808,,,23.52120018005371,-1.8564798999999998,5.5,4.0,7.0,1,7.0,1.64900004863739,,6.0,
182,North Macedonia,3.7999999523162837,5.800000190734862,5,64,8.0,,4,6.449999809265138,6.0,,,5.0,6.0,,6.25,0.8289999961853027,6.0,35.7400016784668,100.0,7.0714287757873535,2.0,0.7799999713897705,0.10379669999999999,2.0,7.0,35.0,7.0,5.0,,7.0,7.0,2.128999948501587,,,27.66119956970215,-0.35120466,5.5,7.0,4.0,1,4.0,1.9609999656677253,,7.0,
183,Egypt,9.800000190734863,8.199999809265138,2,77,3.0,26.6,6,3.7000000476837163,3.5,49.5,68.0,2.0,4.0,,2.75,0.3260000050067902,2.0,55.77999877929688,6.0,4.857142925262451,12.0,0.8209999799728394,-0.65954584,4.0,3.0,20.0,3.0,3.0,,3.5,4.0,2.601999998092651,,3.9390955,10.46296977996826,-1.4376966,4.0,3.0,3.0,0,3.0,0.8659999966621399,,3.0,62.400002
184,United Kingdom,1.7000000476837158,1.5,12,25,,,1,,,,24.0,,,7.153212547302246,,0.9160000085830688,,22.26000022888184,100.0,,0.0,0.0640000030398369,1.6016183000000002,2.0,,90.0,,,7.0,,,1.7890000343322747,7.6487483978271475,,32.894031524658196,0.36045405,,,,2,,3.664999961853027,6.670151233673097,,
185,Tanzania,5.9000000953674325,5.9000000953674325,7,58,6.0,63.299999,3,6.0999999046325675,5.5,62.400002,,6.0,6.0,,6.5,0.8050000071525574,6.0,30.64999961853027,1.0,4.9285712242126465,10.0,0.5270000100135803,-0.5456084,3.0,6.0,25.0,6.0,6.0,,4.0,4.0,1.8250000476837158,,,11.107799530029302,-0.44099477,3.0,6.0,6.0,0,6.0,2.63700008392334,,4.0,91.300003
186,United States,3.2000000476837163,1.8999999761581419,11,23,,,1,,,,21.0,,,5.711398124694824,,0.9250000119209291,,23.8799991607666,100.0,,3.0,0.0729999989271164,1.4767926000000002,2.0,,80.0,,,7.4000000953674325,,,2.311000108718872,,,37.72999954223633,0.40230292,,,,1,,3.7249999046325684,,,
187,Burkina Faso,6.0999999046325675,7.0999999046325675,6,41,6.0,58.799999,4,6.4000000953674325,4.75,62.200001,,6.0,5.0,,7.0,0.7639999985694885,6.0,23.85000038146973,22.0,4.5,16.0,0.3869999945163727,-0.56416857,2.0,7.0,30.0,7.0,4.0,,3.0,3.0,2.073999881744385,,,8.329999923706055,-0.86737585,3.0,5.0,7.0,1,7.0,2.670000076293945,,3.0,87.099998
188,Uruguay,2.799999952316284,1.0,12,24,10.0,,1,9.949999809265137,10.0,,,10.0,10.0,,10.0,0.8989999890327454,10.0,17.430000305175778,100.0,8.428571701049805,2.0,0.0520000010728836,0.57418054,1.0,10.0,70.0,10.0,10.0,,9.0,9.0,1.702999949455261,,,30.20286750793457,1.0625805,7.5,10.0,10.0,2,10.0,3.638000011444092,,9.0,
189,Uzbekistan,9.199999809265137,9.5,0,95,2.0,,7,3.1666667461395264,2.25,,77.0,1.0,2.0,,2.25,0.5540000200271606,1.0,66.11000061035156,8.0,4.2857141494750985,11.0,0.8460000157356262,-0.57731003,3.0,3.0,15.0,2.0,2.0,,4.5,5.0,2.1170001029968257,,,6.420543193817139,-0.27257070000000005,5.0,2.0,2.0,1,2.0,0.3449999988079071,,4.0,
190,Venezuela,8.899999618530273,8.5,0,81,4.0,,6,3.7999999523162837,2.5,,63.0,3.0,2.0,,3.75,0.7919999957084656,2.0,42.93999862670898,1.0,3.142857074737549,11.0,0.7630000114440918,-1.285731,3.0,4.0,5.0,4.0,2.0,,5.5,6.0,2.608000040054321,,,26.12202072143555,-1.0246036,3.5,3.0,4.0,0,4.0,2.779999971389771,,5.0,
191,Samoa,4.099999904632568,5.5,9,29,,,2,,,,,,,,,,,16.40999984741211,100.0,,,,0.5406813,,,60.0,,,,,,,,,18.36796569824219,1.1973493999999998,,,,2,,,,,
192,Yemen,9.699999809265137,9.699999809265137,1,85,1.0,,7,1.7999999523162842,2.0,,,1.0,3.0,,2.0,0.2599999904632568,1.0,65.80000305175781,19.0,1.6428571939468382,21.0,0.8859999775886536,-1.8250586,5.0,3.0,30.0,1.0,2.0,,1.5,2.0,3.3159999847412114,,3.9398796999999997,0.0,-2.7948766,2.0,2.0,3.0,1,3.0,1.026000022888184,,1.0,
193,Zambia,7.4000000953674325,7.699999809265138,6,63,5.0,58.5,4,6.0,5.0,67.0,41.0,6.0,5.0,,6.0,0.7789999842643738,6.0,36.47999954223633,100.0,4.892857074737549,12.0,0.4120000004768372,-0.66005874,3.0,5.0,30.0,6.0,6.0,,4.5,5.0,1.7799999713897712,,,12.050000190734858,0.14280805,3.5,4.0,5.0,1,5.0,2.815000057220459,,4.0,95.099998
